Cluster,wins,kills,kdRatio,killstreak,level,losses,prestige,hits,timePlayed,headshots,averageTime,gamesPlayed,assists,misses,xp,scorePerMinute,shots,deaths,Accuracy,Headshot Ratio
0,23.699649737302977,376.09982486865147,0.506958044750646,3.401050788091068,12.106830122591944,2.0376532399299476,33.399299474605954,948.237302977233,82.58844133099825,66.04640980735552,26.916735411621573,11.895796847635728,72.15586690017513,4540.900175131348,130609.89229422067,78.8046390589784,5489.1374781085815,462.8721541155867,0.16041068166076983,0.18160823960786274
1,1036.2105263157894,28895.968421052632,1.0102924645993048,20.389473684210525,223.06315789473683,16.50526315789474,95.6842105263158,80715.4,2628.4,4632.231578947369,3.3990545357071813,877.1473684210526,5405.926315789474,349426.56842105265,5903407.778947368,202.86216207309502,430141.9684210526,29111.673684210527,0.18849645439684645,0.16170563996976886
2,351.62928348909657,8325.71339563863,0.9896420718406698,15.333333333333334,106.48286604361371,12.12461059190031,84.16822429906541,22877.21495327103,995.5233644859813,1455.1433021806854,7.238783802482245,264.4797507788162,1471.9844236760125,100574.64797507788,2023622.2523364485,183.15522338014338,123451.41433021807,8547.230529595015,0.18598841354287612,0.17841823604709997
